event_id,event_name,event_type,latitude,longitude,start_time,end_time,expected_crowd,affected_radius_km
1,City Stadium Championship Match,sports,28.6259,77.21900000000001,2026-09-30T11:00:00,2026-09-30T15:00:00,45000,3.0
2,Delhi Tech & Music Open Air Fest,concert,28.622,77.265,2026-09-30T16:00:00,2026-09-30T21:00:00,18000,2.5
3,Cultural Heritage Carnival,festival,28.62,77.215,2026-09-05T09:00:00,2026-09-05T17:00:00,25000,2.5
4,Metro Viaduct Construction Blitz,construction,28.665,77.225,2026-09-08T01:00:00,2026-09-10T13:00:00,500,1.5
5,National Trade Expo,gathering,28.618,77.235,2026-09-12T11:00:00,2026-09-14T13:00:00,35000,3.0
6,Flyover Resurfacing Night Works,road_closure,28.61,77.2,2026-09-16T05:00:00,2026-09-16T11:00:00,200,1.2
7,Inter-Collegiate Athletics Meet,sports,28.6145,77.211,2026-09-20T08:00:00,2026-09-20T14:00:00,12000,2.0
8,Community Food & Craft Fair,gathering,28.648,77.185,2026-09-22T07:00:00,2026-09-22T13:00:00,8000,1.5
9,Highway Expansion Repair Work,construction,28.672,77.232,2026-09-25T03:00:00,2026-09-25T19:00:00,400,1.8
10,Autumn Rock Concert Live,concert,28.612,77.208,2026-09-27T08:00:00,2026-09-27T12:00:00,28000,2.8
11,Industrial Sector Safety Drill,gathering,28.582,77.248,2026-09-28T09:00:00,2026-09-28T12:00:00,3500,1.5
12,Main Ring Road Pothole Repairs,road_closure,28.632,77.258,2026-09-29T06:00:00,2026-09-29T10:00:00,150,1.0
